experiment,train_dataset,test_dataset,evaluation,feature_set,model,n_labels,n_train_samples,n_test_samples,label_match,leakage,performance_csv,hamming_mean,hamming_std,label_ranking_mean,label_ranking_std,micro_roc_mean,micro_roc_std,micro_auprc_mean,micro_auprc_std,precision_mean,precision_std,recall_mean,recall_std,fscore_mean,fscore_std,accuracy_mean,accuracy_std
v1_to_v2_transfer,v1,v2,cross_version_transfer,kmer_matrix_k4,ipcarf,40,353,4114,normalized,False,/data/r0865750/lncrna-disease-prediction/results/transfer/kmer_matrix_k4_ipcarf_v1_to_v2_transfer_performance.csv,0.1684339231702394,0.0216868475361509,0.2659328490175754,0.0163910617318587,0.7057395775501647,0.014245267438053,0.0433180500477904,0.0080893722185976,0.0436839670164573,0.0056273047433641,0.4978318706871992,0.0498245105547496,0.0801902524811352,0.009658719682232,0.1183801587843181,0.0243159527655633
v1_to_v2_transfer,v1,v2,cross_version_transfer,kmer_matrix_k4,rf,40,353,4114,normalized,False,/data/r0865750/lncrna-disease-prediction/results/transfer/kmer_matrix_k4_rf_v1_to_v2_transfer_performance.csv,0.157445806184049,0.021889484507822,0.2528524071251701,0.0153133842677141,0.7246477738546647,0.0095988442345513,0.0431108424398507,0.0047606937966493,0.0451549637963392,0.0070875096650082,0.4759138319447861,0.0327647857004386,0.0823620344219804,0.0120082257880335,0.078300430075568,0.0170431441114338
v1_to_v2_transfer,v1,v2,cross_version_transfer,kmer_matrix_k4,rflda,40,353,4114,normalized,False,/data/r0865750/lncrna-disease-prediction/results/transfer/kmer_matrix_k4_rflda_v1_to_v2_transfer_performance.csv,0.1300527119753504,0.026679424894552,0.2408405027968639,0.0414196967553935,0.7176548614945115,0.0102138717991873,0.0397816244177548,0.0036744158510776,0.0528036917410597,0.0077603498747141,0.4608142497702419,0.1065102184252896,0.0943088029755247,0.0133606182125721,0.0564699682826281,0.033865598407869
v1_to_v2_transfer,v1,v2,cross_version_transfer,kmer_matrix_k4+rc_kmer_matrix_k4+psednc_matrix,ipcarf,40,353,4114,normalized,False,/data/r0865750/lncrna-disease-prediction/results/transfer/kmer_matrix_k4__rc_kmer_matrix_k4__psednc_matrix_ipcarf_v1_to_v2_transfer_performance.csv,0.146991511153158,0.0218564559921124,0.2475514164179887,0.0239799681760859,0.7118245905061821,0.0144468611826647,0.0483033105680054,0.0052101305022189,0.0506118966377941,0.0090902891347259,0.5000164261099427,0.0698570285778437,0.0917029946963272,0.0153655546354525,0.0867480424629771,0.0381945440129941
v1_to_v2_transfer,v1,v2,cross_version_transfer,kmer_matrix_k4+rc_kmer_matrix_k4+psednc_matrix,rf,40,353,4114,normalized,False,/data/r0865750/lncrna-disease-prediction/results/transfer/kmer_matrix_k4__rc_kmer_matrix_k4__psednc_matrix_rf_v1_to_v2_transfer_performance.csv,0.1660132259036469,0.0183124515711514,0.2455526272483312,0.0272792447073258,0.7262327083327772,0.0109987848816127,0.0431591910752508,0.0048849944986964,0.0446596793809545,0.0060934164839514,0.5070820689719306,0.0822063772162963,0.0820084661392427,0.0110975519584948,0.0706419293594552,0.0172295471266117
v1_to_v2_transfer,v1,v2,cross_version_transfer,kmer_matrix_k4+rc_kmer_matrix_k4+psednc_matrix,rflda,40,353,4114,normalized,False,/data/r0865750/lncrna-disease-prediction/results/transfer/kmer_matrix_k4__rc_kmer_matrix_k4__psednc_matrix_rflda_v1_to_v2_transfer_performance.csv,0.1300527119753504,0.026679424894552,0.2408405027968639,0.0414196967553935,0.7176548614945115,0.0102138717991873,0.0397816244177548,0.0036744158510776,0.0528036917410597,0.0077603498747141,0.4608142497702419,0.1065102184252896,0.0943088029755247,0.0133606182125721,0.0564699682826281,0.033865598407869
v1_to_v2_transfer,v1,v2,cross_version_transfer,psednc_matrix,ipcarf,40,353,4114,normalized,False,/data/r0865750/lncrna-disease-prediction/results/transfer/psednc_matrix_ipcarf_v1_to_v2_transfer_performance.csv,0.0343396850032585,0.0036817250862874,0.3609676539631831,0.0321064075027319,0.5560720817114811,0.0195032382090247,0.0206774702604704,0.003706802330664,0.0658122121947259,0.0235328511763838,0.1108922039161569,0.0574043311151812,0.0817782187028307,0.0346941270486621,0.3453860736738647,0.0423122101083979
v1_to_v2_transfer,v1,v2,cross_version_transfer,psednc_matrix,rf,40,353,4114,normalized,False,/data/r0865750/lncrna-disease-prediction/results/transfer/psednc_matrix_rf_v1_to_v2_transfer_performance.csv,0.0343154704477939,0.0036702859578997,0.3609676539631831,0.0321064075027319,0.5560729435635876,0.0195020299668758,0.0206241530099102,0.0036954310318023,0.0658913220474788,0.0235981714292634,0.1108922039161569,0.0574043311151812,0.0818439545251009,0.0347475606826291,0.345631773919565,0.0423247331675749
v1_to_v2_transfer,v1,v2,cross_version_transfer,psednc_matrix,rflda,40,353,4114,normalized,False,/data/r0865750/lncrna-disease-prediction/results/transfer/psednc_matrix_rflda_v1_to_v2_transfer_performance.csv,0.0343154704477939,0.0036702859578997,0.3609676539631831,0.0321064075027319,0.5560732356932896,0.0195008317925591,0.020621427827697,0.0036966352941802,0.0658913220474788,0.0235981714292634,0.1108922039161569,0.0574043311151812,0.0818439545251009,0.0347475606826291,0.345631773919565,0.0423247331675749
v1_to_v2_transfer,v1,v2,cross_version_transfer,rc_kmer_matrix_k4,ipcarf,40,353,4114,normalized,False,/data/r0865750/lncrna-disease-prediction/results/transfer/rc_kmer_matrix_k4_ipcarf_v1_to_v2_transfer_performance.csv,0.1575437118784768,0.0251300506548805,0.2461871644099282,0.0175316988135684,0.7198979779990106,0.0153615371547984,0.0691165563764456,0.010162800308413,0.0488237335363678,0.0085352121992202,0.51597624799581,0.0509772305850576,0.0890200784154206,0.0145432387110563,0.0733759495554488,0.0268860795342699
v1_to_v2_transfer,v1,v2,cross_version_transfer,rc_kmer_matrix_k4,rf,40,353,4114,normalized,False,/data/r0865750/lncrna-disease-prediction/results/transfer/rc_kmer_matrix_k4_rf_v1_to_v2_transfer_performance.csv,0.1188932585071029,0.0179517210012984,0.2413273885979533,0.0344755571417065,0.719431587953494,0.0105369673696702,0.0410816828513794,0.0043309724357867,0.056927401004793,0.0079424164010884,0.4519639782224408,0.0681599159160507,0.1007763100957508,0.0127903609421683,0.0484153185938419,0.0348228317172091
v1_to_v2_transfer,v1,v2,cross_version_transfer,rc_kmer_matrix_k4,rflda,40,353,4114,normalized,False,/data/r0865750/lncrna-disease-prediction/results/transfer/rc_kmer_matrix_k4_rflda_v1_to_v2_transfer_performance.csv,0.0969934080576495,0.0205897667567979,0.2351958466823089,0.0317987535648432,0.7098700730903127,0.0178940834488474,0.0392273313160392,0.0044153850442497,0.0689499059555728,0.0124557874219105,0.4360720044833284,0.0879917586226649,0.1177845138009798,0.0169107795888132,0.0619612408606553,0.0273487605682366
v2_to_v1_transfer,v2,v1,cross_version_transfer,kmer_matrix_k4,ipcarf,40,4114,353,normalized,False,/data/r0865750/lncrna-disease-prediction/results/transfer_v2_to_v1/kmer_matrix_k4_ipcarf_v2_to_v1_transfer_performance.csv,0.0440535714285714,0.0161693106138024,0.2085693775345927,0.0537252734540205,0.6787768568911556,0.0472416643833516,0.0725043380952113,0.0275632225516794,0.1960763280500122,0.0695494470901424,0.4247537710356046,0.1359093235666769,0.2552116873068787,0.0706988674062007,0.2584920634920634,0.161066554946075
v2_to_v1_transfer,v2,v1,cross_version_transfer,kmer_matrix_k4,rf,40,4114,353,normalized,False,/data/r0865750/lncrna-disease-prediction/results/transfer_v2_to_v1/kmer_matrix_k4_rf_v2_to_v1_transfer_performance.csv,0.0473988095238095,0.016847863411816,0.2153074179988433,0.0550852389827622,0.6655995439654087,0.0476902508859361,0.0729711973320611,0.0258759755063486,0.1664501352004728,0.0540185285020932,0.4005183658069906,0.1158061459171516,0.2245580196259248,0.056712139714084,0.1897619047619047,0.1073199301030768
v2_to_v1_transfer,v2,v1,cross_version_transfer,kmer_matrix_k4,rflda,40,4114,353,normalized,False,/data/r0865750/lncrna-disease-prediction/results/transfer_v2_to_v1/kmer_matrix_k4_rflda_v2_to_v1_transfer_performance.csv,0.0490833333333333,0.0079709312994024,0.2089427078090833,0.0447430367535027,0.6609672421573857,0.0536647142925438,0.0627463353824635,0.0215198661875914,0.1425392012280082,0.0502374108786443,0.3878092633016232,0.1360400240294159,0.2064716699179781,0.0712176219832881,0.1699206349206349,0.0307286378017956
v2_to_v1_transfer,v2,v1,cross_version_transfer,kmer_matrix_k4+rc_kmer_matrix_k4+psednc_matrix,ipcarf,40,4114,353,normalized,False,/data/r0865750/lncrna-disease-prediction/results/transfer_v2_to_v1/kmer_matrix_k4__rc_kmer_matrix_k4__psednc_matrix_ipcarf_v2_to_v1_transfer_performance.csv,0.0408888888888888,0.0146014863801584,0.2330877453896397,0.037481142700058,0.6621095658959942,0.0559262543453097,0.0704265916969034,0.0307741178000439,0.1941355906623103,0.1215475405922015,0.3624800923782248,0.1190629832023162,0.2411514153382011,0.10388984710622,0.2557142857142856,0.1199630412557206
v2_to_v1_transfer,v2,v1,cross_version_transfer,kmer_matrix_k4+rc_kmer_matrix_k4+psednc_matrix,rf,40,4114,353,normalized,False,/data/r0865750/lncrna-disease-prediction/results/transfer_v2_to_v1/kmer_matrix_k4__rc_kmer_matrix_k4__psednc_matrix_rf_v2_to_v1_transfer_performance.csv,0.0429007936507936,0.0147292126047408,0.2150504825633767,0.0461694765178798,0.6794628673367645,0.0431958772182978,0.0634720784952653,0.0178443474311478,0.1839902467054245,0.0677044077237006,0.3941825850060145,0.1282219597307157,0.2423498571298568,0.0766661193276458,0.2411904761904761,0.173336113269178
v2_to_v1_transfer,v2,v1,cross_version_transfer,kmer_matrix_k4+rc_kmer_matrix_k4+psednc_matrix,rflda,40,4114,353,normalized,False,/data/r0865750/lncrna-disease-prediction/results/transfer_v2_to_v1/kmer_matrix_k4__rc_kmer_matrix_k4__psednc_matrix_rflda_v2_to_v1_transfer_performance.csv,0.0490833333333333,0.0079709312994024,0.2089427078090833,0.0447430367535027,0.6609615185831281,0.0536618280679064,0.0627416953350355,0.0215111173512965,0.1425392012280082,0.0502374108786443,0.3878092633016232,0.1360400240294159,0.2064716699179781,0.0712176219832881,0.1699206349206349,0.0307286378017956
v2_to_v1_transfer,v2,v1,cross_version_transfer,psednc_matrix,ipcarf,40,4114,353,normalized,False,/data/r0865750/lncrna-disease-prediction/results/transfer_v2_to_v1/psednc_matrix_ipcarf_v2_to_v1_transfer_performance.csv,0.0301706349206349,0.0073302319422742,0.2754343179477246,0.0331797959966223,0.5548781614593491,0.0366313985450849,0.0320349106329166,0.0091202749450075,0.1291346594967876,0.067687160296497,0.1381573312558032,0.0859078809004132,0.1315671443429312,0.0737742488326598,0.4128571428571428,0.0975685764480721
v2_to_v1_transfer,v2,v1,cross_version_transfer,psednc_matrix,rf,40,4114,353,normalized,False,/data/r0865750/lncrna-disease-prediction/results/transfer_v2_to_v1/psednc_matrix_rf_v2_to_v1_transfer_performance.csv,0.0302480158730158,0.0073212363398001,0.2746284571418638,0.0343061354995961,0.5565655987239838,0.0389780192734921,0.0328033449795884,0.0094773866609367,0.1301772285845392,0.0675185633900634,0.1427027858012577,0.0937522134048515,0.1331722153812507,0.0752449932566034,0.4127777777777778,0.1059459602120853
v2_to_v1_transfer,v2,v1,cross_version_transfer,psednc_matrix,rflda,40,4114,353,normalized,False,/data/r0865750/lncrna-disease-prediction/results/transfer_v2_to_v1/psednc_matrix_rflda_v2_to_v1_transfer_performance.csv,0.0306646825396825,0.007521747936444,0.2746996822130889,0.0342867748894196,0.5568187756054366,0.0394604423489175,0.0327974018480734,0.009472212943078,0.127002625409936,0.0675940230929985,0.1427027858012577,0.0937522134048515,0.131978581428996,0.0756114781952071,0.396031746031746,0.1037699550820341
v2_to_v1_transfer,v2,v1,cross_version_transfer,rc_kmer_matrix_k4,ipcarf,40,4114,353,normalized,False,/data/r0865750/lncrna-disease-prediction/results/transfer_v2_to_v1/rc_kmer_matrix_k4_ipcarf_v2_to_v1_transfer_performance.csv,0.0458948412698412,0.0140645816395526,0.2117054240731252,0.0375738048472503,0.6660907948666253,0.0400484103695641,0.0688824299773531,0.0291084317321113,0.1721846676684169,0.063900784451631,0.4044134652368948,0.0738406185683556,0.2378096839582889,0.0679083131338961,0.1897619047619047,0.0862187170547783
v2_to_v1_transfer,v2,v1,cross_version_transfer,rc_kmer_matrix_k4,rf,40,4114,353,normalized,False,/data/r0865750/lncrna-disease-prediction/results/transfer_v2_to_v1/rc_kmer_matrix_k4_rf_v2_to_v1_transfer_performance.csv,0.0452162698412698,0.0158156414712983,0.2128043031134399,0.0596675396860724,0.6757937979137447,0.0596335993523762,0.0630639138269796,0.018926457941533,0.1628595999619238,0.0445750803396231,0.3915273970197569,0.1828658243759857,0.22043520544033,0.067081767564091,0.1964285714285714,0.1480584219026269
v2_to_v1_transfer,v2,v1,cross_version_transfer,rc_kmer_matrix_k4,rflda,40,4114,353,normalized,False,/data/r0865750/lncrna-disease-prediction/results/transfer_v2_to_v1/rc_kmer_matrix_k4_rflda_v2_to_v1_transfer_performance.csv,0.0514285714285714,0.0176831492478501,0.1996635310443267,0.0557547412501879,0.6610838883489059,0.0585128813410522,0.0605241923362721,0.0219360198009562,0.1571210515128976,0.0460600665331925,0.4292591000146178,0.111777028195505,0.2234820693587466,0.0536531047778831,0.1761111111111111,0.0831634322438957
v1_common_cv,v1,v1,target_common_cv,kmer_matrix_k4,ipcarf,40,353,353,normalized,False,/data/r0865750/lncrna-disease-prediction/results/transfer_v2_to_v1/kmer_matrix_k4_ipcarf_v1_common_cv_performance.csv,0.0491686507936507,0.0102933190168778,0.1982360364462851,0.0452077034538749,0.6850517292321657,0.068226552792046,0.0490651171908013,0.0218439522985378,0.160956481573974,0.0304640666754983,0.4661482886100881,0.1476294832616429,0.235163383934344,0.0481933591318889,0.2862698412698413,0.0607939098175094
v1_common_cv,v1,v1,target_common_cv,kmer_matrix_k4,rf,40,353,353,normalized,False,/data/r0865750/lncrna-disease-prediction/results/transfer_v2_to_v1/kmer_matrix_k4_rf_v1_common_cv_performance.csv,0.0458888888888888,0.0210536289272251,0.2104465406982269,0.0473114742810761,0.6621824548410538,0.1012617914365911,0.0465057482202397,0.0241733213074695,0.1672493602520657,0.0602323268763249,0.3855722190781613,0.1882463391988796,0.2186680507195883,0.0638979032387806,0.277063492063492,0.1113718313006311
v1_common_cv,v1,v1,target_common_cv,kmer_matrix_k4,rflda,40,353,353,normalized,False,/data/r0865750/lncrna-disease-prediction/results/transfer_v2_to_v1/kmer_matrix_k4_rflda_v1_common_cv_performance.csv,0.0502599206349206,0.0167969502761735,0.1991430662636941,0.0373911237054783,0.6857789321559413,0.0816704434070199,0.0474436767886219,0.0215065698426634,0.1545007556018948,0.0318972373222073,0.4371839626763226,0.1619354677129401,0.2254427055328526,0.052556305649171,0.2319047619047619,0.0853983005714328
v1_common_cv,v1,v1,target_common_cv,kmer_matrix_k4+rc_kmer_matrix_k4+psednc_matrix,ipcarf,40,353,353,normalized,False,/data/r0865750/lncrna-disease-prediction/results/transfer_v2_to_v1/kmer_matrix_k4__rc_kmer_matrix_k4__psednc_matrix_ipcarf_v1_common_cv_performance.csv,0.0536984126984127,0.0211743744930656,0.1909436445154474,0.0490614964294023,0.6866804321126792,0.0580576570163585,0.0401100502770186,0.016943171751608,0.1625131581269287,0.0460181434970742,0.4730753243486689,0.1931871867715902,0.2313576747624273,0.0513793726359762,0.2608730158730158,0.1243253651604233
v1_common_cv,v1,v1,target_common_cv,kmer_matrix_k4+rc_kmer_matrix_k4+psednc_matrix,rf,40,353,353,normalized,False,/data/r0865750/lncrna-disease-prediction/results/transfer_v2_to_v1/kmer_matrix_k4__rc_kmer_matrix_k4__psednc_matrix_rf_v1_common_cv_performance.csv,0.0533670634920634,0.0250635483735557,0.1891180462915522,0.0482708348470243,0.6762075617758061,0.1000450394796012,0.045594573607204,0.020902041020045,0.1576856113809414,0.0500582311487293,0.4505484875433941,0.2042619333093955,0.2188986558952582,0.0594770120095075,0.289047619047619,0.0977407938713213
v1_common_cv,v1,v1,target_common_cv,kmer_matrix_k4+rc_kmer_matrix_k4+psednc_matrix,rflda,40,353,353,normalized,False,/data/r0865750/lncrna-disease-prediction/results/transfer_v2_to_v1/kmer_matrix_k4__rc_kmer_matrix_k4__psednc_matrix_rflda_v1_common_cv_performance.csv,0.0502599206349206,0.0167969502761735,0.1991430662636941,0.0373911237054783,0.6857789321559413,0.0816704434070199,0.0474436767886219,0.0215065698426634,0.1545007556018948,0.0318972373222073,0.4371839626763226,0.1619354677129401,0.2254427055328526,0.052556305649171,0.2319047619047619,0.0853983005714328
v1_common_cv,v1,v1,target_common_cv,psednc_matrix,ipcarf,40,353,353,normalized,False,/data/r0865750/lncrna-disease-prediction/results/transfer_v2_to_v1/psednc_matrix_ipcarf_v1_common_cv_performance.csv,0.0350873015873015,0.0099546567421543,0.2710085460578881,0.0422320948645546,0.56543410817863,0.0626437174051885,0.0422587939697408,0.0283702423897533,0.1294561899538032,0.0613100493503738,0.201014849766972,0.1256215680807439,0.1503023746384295,0.0780090286905911,0.3906349206349206,0.0966761795824837
v1_common_cv,v1,v1,target_common_cv,psednc_matrix,rf,40,353,353,normalized,False,/data/r0865750/lncrna-disease-prediction/results/transfer_v2_to_v1/psednc_matrix_rf_v1_common_cv_performance.csv,0.0350873015873015,0.0099546567421543,0.2710085460578881,0.0422320948645546,0.565431818748927,0.0626470102459456,0.0422584808454493,0.0283704785113582,0.1294561899538032,0.0613100493503738,0.201014849766972,0.1256215680807439,0.1503023746384295,0.0780090286905911,0.3906349206349206,0.0966761795824837
v1_common_cv,v1,v1,target_common_cv,psednc_matrix,rflda,40,353,353,normalized,False,/data/r0865750/lncrna-disease-prediction/results/transfer_v2_to_v1/psednc_matrix_rflda_v1_common_cv_performance.csv,0.0351587301587301,0.0099101094958228,0.2710085460578881,0.0422320948645546,0.565431818748927,0.0626470102459456,0.0422584808454493,0.0283704785113582,0.1290593645569778,0.0614402064717271,0.201014849766972,0.1256215680807439,0.1500248538243684,0.0780841152738292,0.3906349206349206,0.0966761795824837
v1_common_cv,v1,v1,target_common_cv,rc_kmer_matrix_k4,ipcarf,40,353,353,normalized,False,/data/r0865750/lncrna-disease-prediction/results/transfer_v2_to_v1/rc_kmer_matrix_k4_ipcarf_v1_common_cv_performance.csv,0.0587797619047619,0.0155008585708537,0.1757688544415932,0.0492467681933635,0.6776920938037827,0.0680666632114569,0.0427252520805252,0.0218304235473675,0.1435941507598466,0.0424723539949349,0.4749534556495507,0.1042858742295356,0.2163105537276636,0.0500528178378675,0.1531746031746031,0.0868081292135481
v1_common_cv,v1,v1,target_common_cv,rc_kmer_matrix_k4,rf,40,353,353,normalized,False,/data/r0865750/lncrna-disease-prediction/results/transfer_v2_to_v1/rc_kmer_matrix_k4_rf_v1_common_cv_performance.csv,0.0482380952380952,0.0134928098533057,0.199143631228101,0.0377230472221301,0.6694444636097445,0.0782879967726319,0.0428988212838483,0.0202168150473632,0.1508860204762579,0.0293604099167185,0.4130157709359747,0.165688263704388,0.2180977709084096,0.0532642873436208,0.2151587301587301,0.0577115113622384
v1_common_cv,v1,v1,target_common_cv,rc_kmer_matrix_k4,rflda,40,353,353,normalized,False,/data/r0865750/lncrna-disease-prediction/results/transfer_v2_to_v1/rc_kmer_matrix_k4_rflda_v1_common_cv_performance.csv,0.0555198412698412,0.0162534247413468,0.1968626679635302,0.040614903064338,0.685471325385308,0.0667116653016242,0.059866097371981,0.0429987594327567,0.1463347594254412,0.0393058171099087,0.4463065206189146,0.1381907891334436,0.2114323054070862,0.0510611317627502,0.2015873015873016,0.1169696960796146
