feature_set,model,metric,V1->V1,V2->V2,V1->V2,V2->V1
kmer_matrix_k4,ipcarf,accuracy,0.0141,0.0093,0.1184,0.2585
kmer_matrix_k4,rf,accuracy,0.0113,0.0081,0.0783,0.1898
kmer_matrix_k4,rflda,accuracy,0.0056,0.0078,0.0565,0.1699
kmer_matrix_k4+rc_kmer_matrix_k4+psednc_matrix,ipcarf,accuracy,0.017,0.0078,0.0867,0.2557
kmer_matrix_k4+rc_kmer_matrix_k4+psednc_matrix,rf,accuracy,0.0313,0.0066,0.0706,0.2412
kmer_matrix_k4+rc_kmer_matrix_k4+psednc_matrix,rflda,accuracy,0.0085,0.0081,0.0565,0.1699
psednc_matrix,ipcarf,accuracy,0.0311,0.0238,0.3454,0.4129
psednc_matrix,rf,accuracy,0.0311,0.0257,0.3456,0.4128
psednc_matrix,rflda,accuracy,0.0311,0.0262,0.3456,0.396
rc_kmer_matrix_k4,ipcarf,accuracy,0.0084,0.0076,0.0734,0.1898
rc_kmer_matrix_k4,rf,accuracy,0.0029,0.0071,0.0484,0.1964
rc_kmer_matrix_k4,rflda,accuracy,0.0171,0.0076,0.062,0.1761
kmer_matrix_k4,ipcarf,fscore,0.235,0.1216,0.0802,0.2552
kmer_matrix_k4,rf,fscore,0.23,0.1222,0.0824,0.2246
kmer_matrix_k4,rflda,fscore,0.2249,0.126,0.0943,0.2065
kmer_matrix_k4+rc_kmer_matrix_k4+psednc_matrix,ipcarf,fscore,0.2393,0.1208,0.0917,0.2412
kmer_matrix_k4+rc_kmer_matrix_k4+psednc_matrix,rf,fscore,0.241,0.1278,0.082,0.2423
kmer_matrix_k4+rc_kmer_matrix_k4+psednc_matrix,rflda,fscore,0.2218,0.128,0.0943,0.2065
psednc_matrix,ipcarf,fscore,0.2175,0.1366,0.0818,0.1316
psednc_matrix,rf,fscore,0.2176,0.1397,0.0818,0.1332
psednc_matrix,rflda,fscore,0.2171,0.1393,0.0818,0.132
rc_kmer_matrix_k4,ipcarf,fscore,0.2376,0.1195,0.089,0.2378
rc_kmer_matrix_k4,rf,fscore,0.2268,0.1297,0.1008,0.2204
rc_kmer_matrix_k4,rflda,fscore,0.2437,0.129,0.1178,0.2235
kmer_matrix_k4,ipcarf,hamming,0.157,0.1343,0.1684,0.0441
kmer_matrix_k4,rf,hamming,0.1432,0.1244,0.1574,0.0474
kmer_matrix_k4,rflda,hamming,0.13,0.1191,0.1301,0.0491
kmer_matrix_k4+rc_kmer_matrix_k4+psednc_matrix,ipcarf,hamming,0.151,0.1308,0.147,0.0409
kmer_matrix_k4+rc_kmer_matrix_k4+psednc_matrix,rf,hamming,0.132,0.1179,0.166,0.0429
kmer_matrix_k4+rc_kmer_matrix_k4+psednc_matrix,rflda,hamming,0.1372,0.1172,0.1301,0.0491
psednc_matrix,ipcarf,hamming,0.1005,0.0377,0.0343,0.0302
psednc_matrix,rf,hamming,0.1005,0.0377,0.0343,0.0302
psednc_matrix,rflda,hamming,0.1008,0.0379,0.0343,0.0307
rc_kmer_matrix_k4,ipcarf,hamming,0.1442,0.1334,0.1575,0.0459
rc_kmer_matrix_k4,rf,hamming,0.1598,0.1147,0.1189,0.0452
rc_kmer_matrix_k4,rflda,hamming,0.1352,0.1116,0.097,0.0514
kmer_matrix_k4,ipcarf,label_ranking,0.5009,0.4528,0.2659,0.2086
kmer_matrix_k4,rf,label_ranking,0.4946,0.4584,0.2529,0.2153
kmer_matrix_k4,rflda,label_ranking,0.5608,0.4565,0.2408,0.2089
kmer_matrix_k4+rc_kmer_matrix_k4+psednc_matrix,ipcarf,label_ranking,0.4985,0.4617,0.2476,0.2331
kmer_matrix_k4+rc_kmer_matrix_k4+psednc_matrix,rf,label_ranking,0.5076,0.4532,0.2456,0.2151
kmer_matrix_k4+rc_kmer_matrix_k4+psednc_matrix,rflda,label_ranking,0.5319,0.456,0.2408,0.2089
psednc_matrix,ipcarf,label_ranking,0.6102,0.7246,0.361,0.2754
psednc_matrix,rf,label_ranking,0.6102,0.7203,0.361,0.2746
psednc_matrix,rflda,label_ranking,0.6102,0.7204,0.361,0.2747
rc_kmer_matrix_k4,ipcarf,label_ranking,0.5095,0.4536,0.2462,0.2117
rc_kmer_matrix_k4,rf,label_ranking,0.5187,0.4467,0.2413,0.2128
rc_kmer_matrix_k4,rflda,label_ranking,0.5138,0.4636,0.2352,0.1997
kmer_matrix_k4,ipcarf,micro_auprc,0.1006,0.1176,0.0433,0.0725
kmer_matrix_k4,rf,micro_auprc,0.1071,0.1137,0.0431,0.073
kmer_matrix_k4,rflda,micro_auprc,0.0964,0.1142,0.0398,0.0627
kmer_matrix_k4+rc_kmer_matrix_k4+psednc_matrix,ipcarf,micro_auprc,0.1007,0.1185,0.0483,0.0704
kmer_matrix_k4+rc_kmer_matrix_k4+psednc_matrix,rf,micro_auprc,0.1095,0.1145,0.0432,0.0635
kmer_matrix_k4+rc_kmer_matrix_k4+psednc_matrix,rflda,micro_auprc,0.1026,0.1152,0.0398,0.0627
psednc_matrix,ipcarf,micro_auprc,0.0816,0.041,0.0207,0.032
psednc_matrix,rf,micro_auprc,0.0816,0.0414,0.0206,0.0328
psednc_matrix,rflda,micro_auprc,0.0815,0.0415,0.0206,0.0328
rc_kmer_matrix_k4,ipcarf,micro_auprc,0.0954,0.1139,0.0691,0.0689
rc_kmer_matrix_k4,rf,micro_auprc,0.0996,0.11,0.0411,0.0631
rc_kmer_matrix_k4,rflda,micro_auprc,0.1117,0.1097,0.0392,0.0605
kmer_matrix_k4,ipcarf,micro_roc,0.6726,0.8278,0.7057,0.6788
kmer_matrix_k4,rf,micro_roc,0.6681,0.8193,0.7246,0.6656
kmer_matrix_k4,rflda,micro_roc,0.6508,0.8192,0.7177,0.661
kmer_matrix_k4+rc_kmer_matrix_k4+psednc_matrix,ipcarf,micro_roc,0.6668,0.8279,0.7118,0.6621
kmer_matrix_k4+rc_kmer_matrix_k4+psednc_matrix,rf,micro_roc,0.6697,0.8181,0.7262,0.6795
kmer_matrix_k4+rc_kmer_matrix_k4+psednc_matrix,rflda,micro_roc,0.6525,0.8186,0.7177,0.661
psednc_matrix,ipcarf,micro_roc,0.589,0.6273,0.5561,0.5549
psednc_matrix,rf,micro_roc,0.5891,0.6281,0.5561,0.5566
psednc_matrix,rflda,micro_roc,0.5889,0.6295,0.5561,0.5568
rc_kmer_matrix_k4,ipcarf,micro_roc,0.6659,0.8244,0.7199,0.6661
rc_kmer_matrix_k4,rf,micro_roc,0.6657,0.8152,0.7194,0.6758
rc_kmer_matrix_k4,rflda,micro_roc,0.6703,0.8119,0.7099,0.6611
