experiment,source_version,target_version,feature_key,feature_set,domains,model,label_space,label_match,min_positives,keep_rule,n_source_samples,n_target_samples,n_labels,performance_csv,hamming_meanstd,hamming_mean,hamming_std,label_ranking_meanstd,label_ranking_mean,label_ranking_std,micro_roc_meanstd,micro_roc_mean,micro_roc_std,micro_auprc_meanstd,micro_auprc_mean,micro_auprc_std,precision_meanstd,precision_mean,precision_std,recall_meanstd,recall_mean,recall_std,fscore_meanstd,fscore_mean,fscore_std,accuracy_meanstd,accuracy_mean,accuracy_std
v1_to_v2_transfer,v1,v2,kmer_matrix_k4,kmer_matrix_k4,rna,ipcarf,both,normalized,1,gt,353,4114,40,/data/r0865750/lncrna-disease-prediction/results/transfer/kmer_matrix_k4_ipcarf_v1_to_v2_transfer_performance.csv,0.16843392317023947(0.02168684753615098),0.1684339231702394,0.0216868475361509,0.26593284901757547(0.016391061731858714),0.2659328490175754,0.0163910617318587,0.7057395775501647(0.014245267438053023),0.7057395775501647,0.014245267438053,0.04331805004779043(0.00808937221859763),0.0433180500477904,0.0080893722185976,0.04368396701645736(0.005627304743364159),0.0436839670164573,0.0056273047433641,0.49783187068719925(0.04982451055474964),0.4978318706871992,0.0498245105547496,0.08019025248113529(0.009658719682232053),0.0801902524811352,0.009658719682232,0.11838015878431815(0.024315952765563382),0.1183801587843181,0.0243159527655633
v1_to_v2_transfer,v1,v2,kmer_matrix_k4,kmer_matrix_k4,rna,rf,both,normalized,1,gt,353,4114,40,/data/r0865750/lncrna-disease-prediction/results/transfer/kmer_matrix_k4_rf_v1_to_v2_transfer_performance.csv,0.15744580618404905(0.021889484507822073),0.157445806184049,0.021889484507822,0.25285240712517015(0.015313384267714107),0.2528524071251701,0.0153133842677141,0.7246477738546647(0.009598844234551367),0.7246477738546647,0.0095988442345513,0.04311084243985077(0.004760693796649377),0.0431108424398507,0.0047606937966493,0.04515496379633928(0.007087509665008278),0.0451549637963392,0.0070875096650082,0.4759138319447861(0.032764785700438614),0.4759138319447861,0.0327647857004386,0.08236203442198044(0.012008225788033514),0.0823620344219804,0.0120082257880335,0.07830043007556806(0.017043144111433876),0.078300430075568,0.0170431441114338
v1_to_v2_transfer,v1,v2,kmer_matrix_k4,kmer_matrix_k4,rna,rflda,both,normalized,1,gt,353,4114,40,/data/r0865750/lncrna-disease-prediction/results/transfer/kmer_matrix_k4_rflda_v1_to_v2_transfer_performance.csv,0.13005271197535045(0.026679424894552068),0.1300527119753504,0.026679424894552,0.24084050279686392(0.041419696755393566),0.2408405027968639,0.0414196967553935,0.7176548614945115(0.010213871799187353),0.7176548614945115,0.0102138717991873,0.03978162441775487(0.0036744158510776943),0.0397816244177548,0.0036744158510776,0.05280369174105971(0.007760349874714137),0.0528036917410597,0.0077603498747141,0.4608142497702419(0.10651021842528968),0.4608142497702419,0.1065102184252896,0.09430880297552478(0.013360618212572171),0.0943088029755247,0.0133606182125721,0.056469968282628125(0.03386559840786901),0.0564699682826281,0.033865598407869
v1_to_v2_transfer,v1,v2,kmer_matrix_k4__rc_kmer_matrix_k4__psednc_matrix,kmer_matrix_k4+rc_kmer_matrix_k4+psednc_matrix,rna+rna+rna,ipcarf,both,normalized,1,gt,353,4114,40,/data/r0865750/lncrna-disease-prediction/results/transfer/kmer_matrix_k4__rc_kmer_matrix_k4__psednc_matrix_ipcarf_v1_to_v2_transfer_performance.csv,0.14699151115315806(0.02185645599211247),0.146991511153158,0.0218564559921124,0.24755141641798878(0.02397996817608596),0.2475514164179887,0.0239799681760859,0.7118245905061821(0.014446861182664758),0.7118245905061821,0.0144468611826647,0.048303310568005416(0.005210130502218944),0.0483033105680054,0.0052101305022189,0.050611896637794106(0.009090289134725925),0.0506118966377941,0.0090902891347259,0.5000164261099427(0.06985702857784379),0.5000164261099427,0.0698570285778437,0.09170299469632726(0.015365554635452527),0.0917029946963272,0.0153655546354525,0.08674804246297717(0.03819454401299419),0.0867480424629771,0.0381945440129941
v1_to_v2_transfer,v1,v2,kmer_matrix_k4__rc_kmer_matrix_k4__psednc_matrix,kmer_matrix_k4+rc_kmer_matrix_k4+psednc_matrix,rna+rna+rna,rf,both,normalized,1,gt,353,4114,40,/data/r0865750/lncrna-disease-prediction/results/transfer/kmer_matrix_k4__rc_kmer_matrix_k4__psednc_matrix_rf_v1_to_v2_transfer_performance.csv,0.16601322590364692(0.01831245157115148),0.1660132259036469,0.0183124515711514,0.2455526272483312(0.02727924470732587),0.2455526272483312,0.0272792447073258,0.7262327083327772(0.010998784881612725),0.7262327083327772,0.0109987848816127,0.04315919107525085(0.004884994498696441),0.0431591910752508,0.0048849944986964,0.044659679380954505(0.006093416483951412),0.0446596793809545,0.0060934164839514,0.5070820689719306(0.0822063772162963),0.5070820689719306,0.0822063772162963,0.0820084661392427(0.011097551958494831),0.0820084661392427,0.0110975519584948,0.07064192935945528(0.017229547126611743),0.0706419293594552,0.0172295471266117
v1_to_v2_transfer,v1,v2,kmer_matrix_k4__rc_kmer_matrix_k4__psednc_matrix,kmer_matrix_k4+rc_kmer_matrix_k4+psednc_matrix,rna+rna+rna,rflda,both,normalized,1,gt,353,4114,40,/data/r0865750/lncrna-disease-prediction/results/transfer/kmer_matrix_k4__rc_kmer_matrix_k4__psednc_matrix_rflda_v1_to_v2_transfer_performance.csv,0.13005271197535045(0.026679424894552068),0.1300527119753504,0.026679424894552,0.24084050279686392(0.041419696755393566),0.2408405027968639,0.0414196967553935,0.7176548614945115(0.010213871799187353),0.7176548614945115,0.0102138717991873,0.03978162441775487(0.0036744158510776943),0.0397816244177548,0.0036744158510776,0.05280369174105971(0.007760349874714137),0.0528036917410597,0.0077603498747141,0.4608142497702419(0.10651021842528968),0.4608142497702419,0.1065102184252896,0.09430880297552478(0.013360618212572171),0.0943088029755247,0.0133606182125721,0.056469968282628125(0.03386559840786901),0.0564699682826281,0.033865598407869
v1_to_v2_transfer,v1,v2,psednc_matrix,psednc_matrix,rna,ipcarf,both,normalized,1,gt,353,4114,40,/data/r0865750/lncrna-disease-prediction/results/transfer/psednc_matrix_ipcarf_v1_to_v2_transfer_performance.csv,0.0343396850032585(0.0036817250862874996),0.0343396850032585,0.0036817250862874,0.3609676539631831(0.0321064075027319),0.3609676539631831,0.0321064075027319,0.5560720817114811(0.019503238209024727),0.5560720817114811,0.0195032382090247,0.020677470260470485(0.0037068023306640672),0.0206774702604704,0.003706802330664,0.06581221219472597(0.023532851176383852),0.0658122121947259,0.0235328511763838,0.11089220391615692(0.05740433111518124),0.1108922039161569,0.0574043311151812,0.08177821870283074(0.03469412704866215),0.0817782187028307,0.0346941270486621,0.34538607367386476(0.042312210108397925),0.3453860736738647,0.0423122101083979
v1_to_v2_transfer,v1,v2,psednc_matrix,psednc_matrix,rna,rf,both,normalized,1,gt,353,4114,40,/data/r0865750/lncrna-disease-prediction/results/transfer/psednc_matrix_rf_v1_to_v2_transfer_performance.csv,0.03431547044779394(0.003670285957899754),0.0343154704477939,0.0036702859578997,0.3609676539631831(0.0321064075027319),0.3609676539631831,0.0321064075027319,0.5560729435635876(0.019502029966875827),0.5560729435635876,0.0195020299668758,0.020624153009910218(0.003695431031802338),0.0206241530099102,0.0036954310318023,0.06589132204747886(0.023598171429263463),0.0658913220474788,0.0235981714292634,0.11089220391615692(0.05740433111518124),0.1108922039161569,0.0574043311151812,0.08184395452510099(0.034747560682629186),0.0818439545251009,0.0347475606826291,0.345631773919565(0.04232473316757493),0.345631773919565,0.0423247331675749
v1_to_v2_transfer,v1,v2,psednc_matrix,psednc_matrix,rna,rflda,both,normalized,1,gt,353,4114,40,/data/r0865750/lncrna-disease-prediction/results/transfer/psednc_matrix_rflda_v1_to_v2_transfer_performance.csv,0.03431547044779394(0.003670285957899754),0.0343154704477939,0.0036702859578997,0.3609676539631831(0.0321064075027319),0.3609676539631831,0.0321064075027319,0.5560732356932896(0.019500831792559153),0.5560732356932896,0.0195008317925591,0.020621427827697075(0.003696635294180222),0.020621427827697,0.0036966352941802,0.06589132204747886(0.023598171429263463),0.0658913220474788,0.0235981714292634,0.11089220391615692(0.05740433111518124),0.1108922039161569,0.0574043311151812,0.08184395452510099(0.034747560682629186),0.0818439545251009,0.0347475606826291,0.345631773919565(0.04232473316757493),0.345631773919565,0.0423247331675749
v1_to_v2_transfer,v1,v2,rc_kmer_matrix_k4,rc_kmer_matrix_k4,rna,ipcarf,both,normalized,1,gt,353,4114,40,/data/r0865750/lncrna-disease-prediction/results/transfer/rc_kmer_matrix_k4_ipcarf_v1_to_v2_transfer_performance.csv,0.15754371187847682(0.025130050654880557),0.1575437118784768,0.0251300506548805,0.24618716440992827(0.017531698813568423),0.2461871644099282,0.0175316988135684,0.7198979779990106(0.015361537154798446),0.7198979779990106,0.0153615371547984,0.06911655637644568(0.010162800308413008),0.0691165563764456,0.010162800308413,0.048823733536367854(0.008535212199220262),0.0488237335363678,0.0085352121992202,0.51597624799581(0.05097723058505766),0.51597624799581,0.0509772305850576,0.08902007841542067(0.014543238711056368),0.0890200784154206,0.0145432387110563,0.07337594955544881(0.02688607953426992),0.0733759495554488,0.0268860795342699
v1_to_v2_transfer,v1,v2,rc_kmer_matrix_k4,rc_kmer_matrix_k4,rna,rf,both,normalized,1,gt,353,4114,40,/data/r0865750/lncrna-disease-prediction/results/transfer/rc_kmer_matrix_k4_rf_v1_to_v2_transfer_performance.csv,0.1188932585071029(0.01795172100129846),0.1188932585071029,0.0179517210012984,0.24132738859795339(0.03447555714170657),0.2413273885979533,0.0344755571417065,0.719431587953494(0.010536967369670228),0.719431587953494,0.0105369673696702,0.041081682851379434(0.004330972435786701),0.0410816828513794,0.0043309724357867,0.05692740100479304(0.007942416401088401),0.056927401004793,0.0079424164010884,0.45196397822244083(0.06815991591605075),0.4519639782224408,0.0681599159160507,0.1007763100957508(0.012790360942168323),0.1007763100957508,0.0127903609421683,0.04841531859384195(0.03482283171720914),0.0484153185938419,0.0348228317172091
v1_to_v2_transfer,v1,v2,rc_kmer_matrix_k4,rc_kmer_matrix_k4,rna,rflda,both,normalized,1,gt,353,4114,40,/data/r0865750/lncrna-disease-prediction/results/transfer/rc_kmer_matrix_k4_rflda_v1_to_v2_transfer_performance.csv,0.09699340805764953(0.02058976675679791),0.0969934080576495,0.0205897667567979,0.23519584668230892(0.03179875356484321),0.2351958466823089,0.0317987535648432,0.7098700730903127(0.017894083448847468),0.7098700730903127,0.0178940834488474,0.03922733131603921(0.004415385044249759),0.0392273313160392,0.0044153850442497,0.06894990595557285(0.012455787421910594),0.0689499059555728,0.0124557874219105,0.43607200448332845(0.08799175862266499),0.4360720044833284,0.0879917586226649,0.11778451380097987(0.016910779588813225),0.1177845138009798,0.0169107795888132,0.06196124086065531(0.027348760568236697),0.0619612408606553,0.0273487605682366
v1_common_cv,v2,v1,kmer_matrix_k4,kmer_matrix_k4,rna,ipcarf,both,normalized,1,gt,4114,353,40,/data/r0865750/lncrna-disease-prediction/results/transfer_v2_to_v1/kmer_matrix_k4_ipcarf_v1_common_cv_performance.csv,0.04916865079365079(0.010293319016877888),0.0491686507936507,0.0102933190168778,0.19823603644628515(0.04520770345387495),0.1982360364462851,0.0452077034538749,0.6850517292321657(0.06822655279204606),0.6850517292321657,0.068226552792046,0.0490651171908013(0.02184395229853788),0.0490651171908013,0.0218439522985378,0.16095648157397408(0.03046406667549838),0.160956481573974,0.0304640666754983,0.46614828861008817(0.14762948326164294),0.4661482886100881,0.1476294832616429,0.23516338393434402(0.04819335913188899),0.235163383934344,0.0481933591318889,0.28626984126984134(0.06079390981750945),0.2862698412698413,0.0607939098175094
v1_common_cv,v2,v1,kmer_matrix_k4,kmer_matrix_k4,rna,rf,both,normalized,1,gt,4114,353,40,/data/r0865750/lncrna-disease-prediction/results/transfer_v2_to_v1/kmer_matrix_k4_rf_v1_common_cv_performance.csv,0.04588888888888888(0.021053628927225135),0.0458888888888888,0.0210536289272251,0.2104465406982269(0.04731147428107611),0.2104465406982269,0.0473114742810761,0.6621824548410538(0.10126179143659114),0.6621824548410538,0.1012617914365911,0.04650574822023975(0.02417332130746953),0.0465057482202397,0.0241733213074695,0.16724936025206577(0.06023232687632498),0.1672493602520657,0.0602323268763249,0.38557221907816136(0.18824633919887962),0.3855722190781613,0.1882463391988796,0.21866805071958834(0.06389790323878063),0.2186680507195883,0.0638979032387806,0.27706349206349207(0.11137183130063112),0.277063492063492,0.1113718313006311
v1_common_cv,v2,v1,kmer_matrix_k4,kmer_matrix_k4,rna,rflda,both,normalized,1,gt,4114,353,40,/data/r0865750/lncrna-disease-prediction/results/transfer_v2_to_v1/kmer_matrix_k4_rflda_v1_common_cv_performance.csv,0.05025992063492064(0.016796950276173558),0.0502599206349206,0.0167969502761735,0.1991430662636941(0.037391123705478375),0.1991430662636941,0.0373911237054783,0.6857789321559413(0.0816704434070199),0.6857789321559413,0.0816704434070199,0.047443676788621936(0.021506569842663473),0.0474436767886219,0.0215065698426634,0.1545007556018948(0.031897237322207346),0.1545007556018948,0.0318972373222073,0.4371839626763226(0.16193546771294018),0.4371839626763226,0.1619354677129401,0.22544270553285267(0.05255630564917108),0.2254427055328526,0.052556305649171,0.2319047619047619(0.08539830057143286),0.2319047619047619,0.0853983005714328
v1_common_cv,v2,v1,kmer_matrix_k4__rc_kmer_matrix_k4__psednc_matrix,kmer_matrix_k4+rc_kmer_matrix_k4+psednc_matrix,rna+rna+rna,ipcarf,both,normalized,1,gt,4114,353,40,/data/r0865750/lncrna-disease-prediction/results/transfer_v2_to_v1/kmer_matrix_k4__rc_kmer_matrix_k4__psednc_matrix_ipcarf_v1_common_cv_performance.csv,0.053698412698412704(0.021174374493065612),0.0536984126984127,0.0211743744930656,0.19094364451544743(0.04906149642940231),0.1909436445154474,0.0490614964294023,0.6866804321126792(0.058057657016358524),0.6866804321126792,0.0580576570163585,0.04011005027701865(0.016943171751608078),0.0401100502770186,0.016943171751608,0.16251315812692874(0.046018143497074206),0.1625131581269287,0.0460181434970742,0.47307532434866895(0.19318718677159025),0.4730753243486689,0.1931871867715902,0.23135767476242736(0.05137937263597629),0.2313576747624273,0.0513793726359762,0.26087301587301587(0.12432536516042338),0.2608730158730158,0.1243253651604233
v1_common_cv,v2,v1,kmer_matrix_k4__rc_kmer_matrix_k4__psednc_matrix,kmer_matrix_k4+rc_kmer_matrix_k4+psednc_matrix,rna+rna+rna,rf,both,normalized,1,gt,4114,353,40,/data/r0865750/lncrna-disease-prediction/results/transfer_v2_to_v1/kmer_matrix_k4__rc_kmer_matrix_k4__psednc_matrix_rf_v1_common_cv_performance.csv,0.05336706349206349(0.025063548373555768),0.0533670634920634,0.0250635483735557,0.1891180462915522(0.048270834847024366),0.1891180462915522,0.0482708348470243,0.6762075617758061(0.10004503947960129),0.6762075617758061,0.1000450394796012,0.045594573607204085(0.020902041020045007),0.045594573607204,0.020902041020045,0.15768561138094142(0.05005823114872938),0.1576856113809414,0.0500582311487293,0.45054848754339416(0.20426193330939557),0.4505484875433941,0.2042619333093955,0.2188986558952582(0.059477012009507585),0.2188986558952582,0.0594770120095075,0.289047619047619(0.0977407938713213),0.289047619047619,0.0977407938713213
v1_common_cv,v2,v1,kmer_matrix_k4__rc_kmer_matrix_k4__psednc_matrix,kmer_matrix_k4+rc_kmer_matrix_k4+psednc_matrix,rna+rna+rna,rflda,both,normalized,1,gt,4114,353,40,/data/r0865750/lncrna-disease-prediction/results/transfer_v2_to_v1/kmer_matrix_k4__rc_kmer_matrix_k4__psednc_matrix_rflda_v1_common_cv_performance.csv,0.05025992063492064(0.016796950276173558),0.0502599206349206,0.0167969502761735,0.1991430662636941(0.037391123705478375),0.1991430662636941,0.0373911237054783,0.6857789321559413(0.0816704434070199),0.6857789321559413,0.0816704434070199,0.047443676788621936(0.021506569842663473),0.0474436767886219,0.0215065698426634,0.1545007556018948(0.031897237322207346),0.1545007556018948,0.0318972373222073,0.4371839626763226(0.16193546771294018),0.4371839626763226,0.1619354677129401,0.22544270553285267(0.05255630564917108),0.2254427055328526,0.052556305649171,0.2319047619047619(0.08539830057143286),0.2319047619047619,0.0853983005714328
v1_common_cv,v2,v1,psednc_matrix,psednc_matrix,rna,ipcarf,both,normalized,1,gt,4114,353,40,/data/r0865750/lncrna-disease-prediction/results/transfer_v2_to_v1/psednc_matrix_ipcarf_v1_common_cv_performance.csv,0.035087301587301584(0.009954656742154368),0.0350873015873015,0.0099546567421543,0.2710085460578881(0.04223209486455462),0.2710085460578881,0.0422320948645546,0.56543410817863(0.06264371740518856),0.56543410817863,0.0626437174051885,0.042258793969740895(0.028370242389753365),0.0422587939697408,0.0283702423897533,0.1294561899538032(0.061310049350373846),0.1294561899538032,0.0613100493503738,0.201014849766972(0.12562156808074398),0.201014849766972,0.1256215680807439,0.15030237463842955(0.07800902869059115),0.1503023746384295,0.0780090286905911,0.39063492063492067(0.09667617958248376),0.3906349206349206,0.0966761795824837
v1_common_cv,v2,v1,psednc_matrix,psednc_matrix,rna,rf,both,normalized,1,gt,4114,353,40,/data/r0865750/lncrna-disease-prediction/results/transfer_v2_to_v1/psednc_matrix_rf_v1_common_cv_performance.csv,0.035087301587301584(0.009954656742154368),0.0350873015873015,0.0099546567421543,0.2710085460578881(0.04223209486455462),0.2710085460578881,0.0422320948645546,0.565431818748927(0.06264701024594567),0.565431818748927,0.0626470102459456,0.042258480845449344(0.028370478511358217),0.0422584808454493,0.0283704785113582,0.1294561899538032(0.061310049350373846),0.1294561899538032,0.0613100493503738,0.201014849766972(0.12562156808074398),0.201014849766972,0.1256215680807439,0.15030237463842955(0.07800902869059115),0.1503023746384295,0.0780090286905911,0.39063492063492067(0.09667617958248376),0.3906349206349206,0.0966761795824837
v1_common_cv,v2,v1,psednc_matrix,psednc_matrix,rna,rflda,both,normalized,1,gt,4114,353,40,/data/r0865750/lncrna-disease-prediction/results/transfer_v2_to_v1/psednc_matrix_rflda_v1_common_cv_performance.csv,0.03515873015873015(0.009910109495822878),0.0351587301587301,0.0099101094958228,0.2710085460578881(0.04223209486455462),0.2710085460578881,0.0422320948645546,0.565431818748927(0.06264701024594567),0.565431818748927,0.0626470102459456,0.042258480845449344(0.028370478511358217),0.0422584808454493,0.0283704785113582,0.1290593645569778(0.0614402064717271),0.1290593645569778,0.0614402064717271,0.201014849766972(0.12562156808074398),0.201014849766972,0.1256215680807439,0.15002485382436848(0.07808411527382927),0.1500248538243684,0.0780841152738292,0.39063492063492067(0.09667617958248376),0.3906349206349206,0.0966761795824837
v1_common_cv,v2,v1,rc_kmer_matrix_k4,rc_kmer_matrix_k4,rna,ipcarf,both,normalized,1,gt,4114,353,40,/data/r0865750/lncrna-disease-prediction/results/transfer_v2_to_v1/rc_kmer_matrix_k4_ipcarf_v1_common_cv_performance.csv,0.058779761904761904(0.015500858570853761),0.0587797619047619,0.0155008585708537,0.17576885444159326(0.04924676819336351),0.1757688544415932,0.0492467681933635,0.6776920938037827(0.06806666321145692),0.6776920938037827,0.0680666632114569,0.042725252080525265(0.021830423547367573),0.0427252520805252,0.0218304235473675,0.14359415075984666(0.04247235399493495),0.1435941507598466,0.0424723539949349,0.4749534556495507(0.10428587422953561),0.4749534556495507,0.1042858742295356,0.21631055372766364(0.050052817837867546),0.2163105537276636,0.0500528178378675,0.15317460317460319(0.0868081292135481),0.1531746031746031,0.0868081292135481
v1_common_cv,v2,v1,rc_kmer_matrix_k4,rc_kmer_matrix_k4,rna,rf,both,normalized,1,gt,4114,353,40,/data/r0865750/lncrna-disease-prediction/results/transfer_v2_to_v1/rc_kmer_matrix_k4_rf_v1_common_cv_performance.csv,0.04823809523809524(0.013492809853305771),0.0482380952380952,0.0134928098533057,0.199143631228101(0.03772304722213019),0.199143631228101,0.0377230472221301,0.6694444636097445(0.0782879967726319),0.6694444636097445,0.0782879967726319,0.04289882128384834(0.020216815047363265),0.0428988212838483,0.0202168150473632,0.1508860204762579(0.029360409916718542),0.1508860204762579,0.0293604099167185,0.41301577093597475(0.16568826370438805),0.4130157709359747,0.165688263704388,0.21809777090840962(0.05326428734362087),0.2180977709084096,0.0532642873436208,0.21515873015873016(0.05771151136223849),0.2151587301587301,0.0577115113622384
v1_common_cv,v2,v1,rc_kmer_matrix_k4,rc_kmer_matrix_k4,rna,rflda,both,normalized,1,gt,4114,353,40,/data/r0865750/lncrna-disease-prediction/results/transfer_v2_to_v1/rc_kmer_matrix_k4_rflda_v1_common_cv_performance.csv,0.05551984126984126(0.01625342474134683),0.0555198412698412,0.0162534247413468,0.1968626679635302(0.04061490306433804),0.1968626679635302,0.040614903064338,0.685471325385308(0.06671166530162422),0.685471325385308,0.0667116653016242,0.05986609737198104(0.04299875943275673),0.059866097371981,0.0429987594327567,0.14633475942544127(0.03930581710990874),0.1463347594254412,0.0393058171099087,0.4463065206189146(0.13819078913344368),0.4463065206189146,0.1381907891334436,0.21143230540708627(0.05106113176275027),0.2114323054070862,0.0510611317627502,0.2015873015873016(0.11696969607961466),0.2015873015873016,0.1169696960796146
v2_to_v1_transfer,v2,v1,kmer_matrix_k4,kmer_matrix_k4,rna,ipcarf,both,normalized,1,gt,4114,353,40,/data/r0865750/lncrna-disease-prediction/results/transfer_v2_to_v1/kmer_matrix_k4_ipcarf_v2_to_v1_transfer_performance.csv,0.044053571428571435(0.01616931061380242),0.0440535714285714,0.0161693106138024,0.20856937753459276(0.053725273454020527),0.2085693775345927,0.0537252734540205,0.6787768568911556(0.04724166438335169),0.6787768568911556,0.0472416643833516,0.07250433809521131(0.027563222551679423),0.0725043380952113,0.0275632225516794,0.19607632805001227(0.0695494470901424),0.1960763280500122,0.0695494470901424,0.42475377103560463(0.1359093235666769),0.4247537710356046,0.1359093235666769,0.25521168730687877(0.0706988674062007),0.2552116873068787,0.0706988674062007,0.25849206349206344(0.16106655494607508),0.2584920634920634,0.161066554946075
v2_to_v1_transfer,v2,v1,kmer_matrix_k4,kmer_matrix_k4,rna,rf,both,normalized,1,gt,4114,353,40,/data/r0865750/lncrna-disease-prediction/results/transfer_v2_to_v1/kmer_matrix_k4_rf_v2_to_v1_transfer_performance.csv,0.047398809523809524(0.016847863411816048),0.0473988095238095,0.016847863411816,0.2153074179988433(0.05508523898276222),0.2153074179988433,0.0550852389827622,0.6655995439654087(0.047690250885936175),0.6655995439654087,0.0476902508859361,0.07297119733206112(0.02587597550634865),0.0729711973320611,0.0258759755063486,0.16645013520047286(0.054018528502093245),0.1664501352004728,0.0540185285020932,0.4005183658069906(0.11580614591715166),0.4005183658069906,0.1158061459171516,0.22455801962592484(0.05671213971408402),0.2245580196259248,0.056712139714084,0.18976190476190474(0.10731993010307686),0.1897619047619047,0.1073199301030768
v2_to_v1_transfer,v2,v1,kmer_matrix_k4,kmer_matrix_k4,rna,rflda,both,normalized,1,gt,4114,353,40,/data/r0865750/lncrna-disease-prediction/results/transfer_v2_to_v1/kmer_matrix_k4_rflda_v2_to_v1_transfer_performance.csv,0.04908333333333335(0.007970931299402436),0.0490833333333333,0.0079709312994024,0.2089427078090833(0.04474303675350277),0.2089427078090833,0.0447430367535027,0.6609672421573857(0.05366471429254388),0.6609672421573857,0.0536647142925438,0.06274633538246358(0.021519866187591465),0.0627463353824635,0.0215198661875914,0.1425392012280082(0.05023741087864437),0.1425392012280082,0.0502374108786443,0.3878092633016232(0.1360400240294159),0.3878092633016232,0.1360400240294159,0.2064716699179781(0.07121762198328817),0.2064716699179781,0.0712176219832881,0.16992063492063492(0.030728637801795626),0.1699206349206349,0.0307286378017956
v2_to_v1_transfer,v2,v1,kmer_matrix_k4__rc_kmer_matrix_k4__psednc_matrix,kmer_matrix_k4+rc_kmer_matrix_k4+psednc_matrix,rna+rna+rna,ipcarf,both,normalized,1,gt,4114,353,40,/data/r0865750/lncrna-disease-prediction/results/transfer_v2_to_v1/kmer_matrix_k4__rc_kmer_matrix_k4__psednc_matrix_ipcarf_v2_to_v1_transfer_performance.csv,0.04088888888888889(0.01460148638015843),0.0408888888888888,0.0146014863801584,0.23308774538963978(0.037481142700058055),0.2330877453896397,0.037481142700058,0.6621095658959942(0.055926254345309706),0.6621095658959942,0.0559262543453097,0.07042659169690346(0.030774117800043944),0.0704265916969034,0.0307741178000439,0.1941355906623103(0.12154754059220158),0.1941355906623103,0.1215475405922015,0.3624800923782248(0.11906298320231624),0.3624800923782248,0.1190629832023162,0.24115141533820114(0.10388984710622004),0.2411514153382011,0.10388984710622,0.25571428571428567(0.11996304125572069),0.2557142857142856,0.1199630412557206
v2_to_v1_transfer,v2,v1,kmer_matrix_k4__rc_kmer_matrix_k4__psednc_matrix,kmer_matrix_k4+rc_kmer_matrix_k4+psednc_matrix,rna+rna+rna,rf,both,normalized,1,gt,4114,353,40,/data/r0865750/lncrna-disease-prediction/results/transfer_v2_to_v1/kmer_matrix_k4__rc_kmer_matrix_k4__psednc_matrix_rf_v2_to_v1_transfer_performance.csv,0.04290079365079365(0.014729212604740836),0.0429007936507936,0.0147292126047408,0.2150504825633767(0.04616947651787984),0.2150504825633767,0.0461694765178798,0.6794628673367645(0.043195877218297894),0.6794628673367645,0.0431958772182978,0.06347207849526537(0.017844347431147888),0.0634720784952653,0.0178443474311478,0.18399024670542458(0.06770440772370065),0.1839902467054245,0.0677044077237006,0.39418258500601455(0.1282219597307157),0.3941825850060145,0.1282219597307157,0.2423498571298568(0.07666611932764587),0.2423498571298568,0.0766661193276458,0.24119047619047618(0.173336113269178),0.2411904761904761,0.173336113269178
v2_to_v1_transfer,v2,v1,kmer_matrix_k4__rc_kmer_matrix_k4__psednc_matrix,kmer_matrix_k4+rc_kmer_matrix_k4+psednc_matrix,rna+rna+rna,rflda,both,normalized,1,gt,4114,353,40,/data/r0865750/lncrna-disease-prediction/results/transfer_v2_to_v1/kmer_matrix_k4__rc_kmer_matrix_k4__psednc_matrix_rflda_v2_to_v1_transfer_performance.csv,0.04908333333333335(0.007970931299402436),0.0490833333333333,0.0079709312994024,0.2089427078090833(0.04474303675350277),0.2089427078090833,0.0447430367535027,0.6609615185831281(0.05366182806790641),0.6609615185831281,0.0536618280679064,0.0627416953350355(0.021511117351296568),0.0627416953350355,0.0215111173512965,0.1425392012280082(0.05023741087864437),0.1425392012280082,0.0502374108786443,0.3878092633016232(0.1360400240294159),0.3878092633016232,0.1360400240294159,0.2064716699179781(0.07121762198328817),0.2064716699179781,0.0712176219832881,0.16992063492063492(0.030728637801795626),0.1699206349206349,0.0307286378017956
v2_to_v1_transfer,v2,v1,psednc_matrix,psednc_matrix,rna,ipcarf,both,normalized,1,gt,4114,353,40,/data/r0865750/lncrna-disease-prediction/results/transfer_v2_to_v1/psednc_matrix_ipcarf_v2_to_v1_transfer_performance.csv,0.030170634920634924(0.007330231942274298),0.0301706349206349,0.0073302319422742,0.27543431794772466(0.033179795996622394),0.2754343179477246,0.0331797959966223,0.5548781614593491(0.03663139854508495),0.5548781614593491,0.0366313985450849,0.03203491063291668(0.009120274945007582),0.0320349106329166,0.0091202749450075,0.12913465949678765(0.067687160296497),0.1291346594967876,0.067687160296497,0.13815733125580326(0.08590788090041326),0.1381573312558032,0.0859078809004132,0.1315671443429312(0.07377424883265989),0.1315671443429312,0.0737742488326598,0.4128571428571428(0.09756857644807215),0.4128571428571428,0.0975685764480721
v2_to_v1_transfer,v2,v1,psednc_matrix,psednc_matrix,rna,rf,both,normalized,1,gt,4114,353,40,/data/r0865750/lncrna-disease-prediction/results/transfer_v2_to_v1/psednc_matrix_rf_v2_to_v1_transfer_performance.csv,0.030248015873015878(0.007321236339800121),0.0302480158730158,0.0073212363398001,0.27462845714186385(0.034306135499596165),0.2746284571418638,0.0343061354995961,0.5565655987239838(0.03897801927349212),0.5565655987239838,0.0389780192734921,0.03280334497958847(0.009477386660936742),0.0328033449795884,0.0094773866609367,0.13017722858453923(0.06751856339006349),0.1301772285845392,0.0675185633900634,0.14270278580125778(0.09375221340485151),0.1427027858012577,0.0937522134048515,0.13317221538125074(0.07524499325660342),0.1331722153812507,0.0752449932566034,0.4127777777777778(0.10594596021208534),0.4127777777777778,0.1059459602120853
v2_to_v1_transfer,v2,v1,psednc_matrix,psednc_matrix,rna,rflda,both,normalized,1,gt,4114,353,40,/data/r0865750/lncrna-disease-prediction/results/transfer_v2_to_v1/psednc_matrix_rflda_v2_to_v1_transfer_performance.csv,0.03066468253968254(0.0075217479364440495),0.0306646825396825,0.007521747936444,0.2746996822130889(0.03428677488941963),0.2746996822130889,0.0342867748894196,0.5568187756054366(0.03946044234891759),0.5568187756054366,0.0394604423489175,0.032797401848073456(0.009472212943078059),0.0327974018480734,0.009472212943078,0.12700262540993607(0.06759402309299853),0.127002625409936,0.0675940230929985,0.14270278580125778(0.09375221340485151),0.1427027858012577,0.0937522134048515,0.13197858142899607(0.07561147819520715),0.131978581428996,0.0756114781952071,0.39603174603174607(0.10376995508203415),0.396031746031746,0.1037699550820341
v2_to_v1_transfer,v2,v1,rc_kmer_matrix_k4,rc_kmer_matrix_k4,rna,ipcarf,both,normalized,1,gt,4114,353,40,/data/r0865750/lncrna-disease-prediction/results/transfer_v2_to_v1/rc_kmer_matrix_k4_ipcarf_v2_to_v1_transfer_performance.csv,0.045894841269841266(0.014064581639552641),0.0458948412698412,0.0140645816395526,0.21170542407312526(0.03757380484725035),0.2117054240731252,0.0375738048472503,0.6660907948666253(0.04004841036956419),0.6660907948666253,0.0400484103695641,0.06888242997735314(0.029108431732111306),0.0688824299773531,0.0291084317321113,0.17218466766841692(0.063900784451631),0.1721846676684169,0.063900784451631,0.4044134652368948(0.07384061856835564),0.4044134652368948,0.0738406185683556,0.2378096839582889(0.06790831313389614),0.2378096839582889,0.0679083131338961,0.18976190476190474(0.08621871705477838),0.1897619047619047,0.0862187170547783
v2_to_v1_transfer,v2,v1,rc_kmer_matrix_k4,rc_kmer_matrix_k4,rna,rf,both,normalized,1,gt,4114,353,40,/data/r0865750/lncrna-disease-prediction/results/transfer_v2_to_v1/rc_kmer_matrix_k4_rf_v2_to_v1_transfer_performance.csv,0.045216269841269835(0.015815641471298342),0.0452162698412698,0.0158156414712983,0.21280430311343995(0.05966753968607247),0.2128043031134399,0.0596675396860724,0.6757937979137447(0.05963359935237621),0.6757937979137447,0.0596335993523762,0.06306391382697965(0.018926457941533026),0.0630639138269796,0.018926457941533,0.16285959996192384(0.044575080339623166),0.1628595999619238,0.0445750803396231,0.3915273970197569(0.18286582437598572),0.3915273970197569,0.1828658243759857,0.22043520544033002(0.06708176756409104),0.22043520544033,0.067081767564091,0.19642857142857142(0.14805842190262697),0.1964285714285714,0.1480584219026269
v2_to_v1_transfer,v2,v1,rc_kmer_matrix_k4,rc_kmer_matrix_k4,rna,rflda,both,normalized,1,gt,4114,353,40,/data/r0865750/lncrna-disease-prediction/results/transfer_v2_to_v1/rc_kmer_matrix_k4_rflda_v2_to_v1_transfer_performance.csv,0.051428571428571435(0.017683149247850156),0.0514285714285714,0.0176831492478501,0.19966353104432674(0.05575474125018794),0.1996635310443267,0.0557547412501879,0.6610838883489059(0.058512881341052224),0.6610838883489059,0.0585128813410522,0.06052419233627213(0.021936019800956292),0.0605241923362721,0.0219360198009562,0.15712105151289762(0.04606006653319256),0.1571210515128976,0.0460600665331925,0.4292591000146178(0.11177702819550504),0.4292591000146178,0.111777028195505,0.22348206935874662(0.0536531047778831),0.2234820693587466,0.0536531047778831,0.17611111111111113(0.08316343224389572),0.1761111111111111,0.0831634322438957
